Title,Employer,Location,Experience,Remote/On-site,Tools Required,Technical Skills Required,Other Skills Required,Job Level,URL
big data analyst,Spait Infotech Private Limited,['Toronto'],,On site,,,,Unknown,https://www.jobbank.gc.ca/jobsearch/jobposting/45728191?source=searchresults
data mining analyst,TD Bank,['Toronto'],,On site,,,,,https://www.jobbank.gc.ca/jobsearch/jobposting/45781999?source=searchresults
data mining analyst,Sobeys,['Mississauga'],,On site,,,,,https://www.jobbank.gc.ca/jobsearch/jobposting/45817301?source=searchresults
data analyst - informatics and systems,TD Bank,['Toronto'],,On site,,,,Unknown,https://www.jobbank.gc.ca/jobsearch/jobposting/45612455?source=searchresults
data analyst - informatics and systems,RBC Dominion Securities,['Toronto'],,On site,,,,,https://www.jobbank.gc.ca/jobsearch/jobposting/45682328?source=searchresults
data warehouse analyst,Viana Inc.,['Woodbridge'],2 years to less than 3 years,On site,,"Database management, Database design, Data analysis, Scripting, Stored procedures",,Intermediate,https://www.jobbank.gc.ca/jobsearch/jobposting/45715826?source=searchresults
data analyst - informatics and systems,I-cube Software Llc,['Toronto'],,On site,,,,,https://www.jobbank.gc.ca/jobsearch/jobposting/45340293?source=searchresults
data administrator,TD Bank,['Toronto'],,On site,,,,Unknown,https://www.jobbank.gc.ca/jobsearch/jobposting/45818233?source=searchresults
data mining analyst,RBC Dominion Securities,['Toronto'],,On site,,,,Unknown,https://www.jobbank.gc.ca/jobsearch/jobposting/45682635?source=searchresults
business data analyst,Quantum Byte Solutions,['Toronto'],1 to less than 7 months,On site,,,,Entry Level,https://www.jobbank.gc.ca/jobsearch/jobposting/45486423?source=searchresults
database analyst,TechVest Global Solutions,['Toronto'],1 year to less than 2 years,On site,"database management tools, MAC, MS SQL Server, Intranet, Internet, MySQL, MS Office, Spreadsheet, SQL","Data security, Database management, IT infrastructure, Data policies, Data models",,Entry Level,https://www.jobbank.gc.ca/jobsearch/jobposting/45398985?source=searchresults
business data analyst,Six side Logistics,['Mississauga'],1 year to less than 2 years,On site,,"System design, System development, Usability testing, Software testing, Data security",,Entry Level,https://www.jobbank.gc.ca/jobsearch/jobposting/45290296?source=searchresults
database analyst,CIMT College,['Mississauga'],1 year to less than 2 years,On site,,"Data Science, Database Development, Data Analysis, Database Management, Data Security",,Entry Level,https://www.jobbank.gc.ca/jobsearch/jobposting/45257397?source=searchresults
database analyst,Visual Mood Ltd.,['Markham'],3 years to less than 5 years,On site,,"Database development, Data analysis, Data security, Data modeling, Scripting",,Expert,https://www.jobbank.gc.ca/jobsearch/jobposting/44723674?source=searchresults
database analyst,JY Construction,['Markham'],3 years to less than 5 years,On site,"Database management systems, Database software, MS Office, Spreadsheet, Database management","Data Science, Database design, Data modeling, Write scripts, Database management",,Intermediate,https://www.jobbank.gc.ca/jobsearch/jobposting/45165952?source=searchresults
database analyst (DBA),INFRAZEN CONSULTING,['Brampton'],2 years to less than 3 years,On site,"Database management tools, Database management systems","Database development, Data modeling, Data analysis, Data security, IT infrastructure",,Intermediate,https://www.jobbank.gc.ca/jobsearch/jobposting/45424738?source=searchresults
database analyst,BCLOUD TECHNOLOGY INC.,['Brampton'],2 years to less than 3 years,On site,,"Data Science, Database development, Database management, Data analysis, Write scripts",,Intermediate,https://www.jobbank.gc.ca/jobsearch/jobposting/45091733?source=searchresults
